#Release 14.7 - par P.20131013 (lin64)
#Copyright (c) 1995-2013 Xilinx, Inc.  All rights reserved.

#Sun Jun 12 00:34:22 2022

#
## NOTE: This file is designed to be imported into a spreadsheet program
# such as Microsoft Excel for viewing, printing and sorting. The |
# character is used as the data field separator. This file is also designed
# to support parsing.
#
#INPUT FILE:       PROC_map.ncd
#OUTPUT FILE:      PROC_pad.csv
#PART TYPE:        xc3s50an
#SPEED GRADE:      -4
#PACKAGE:          tqg144
#
# Pinout by Pin Number:
# 
# -----,-----,-----,-----,-----,-----,-----,-----,-----,-----,-----,-----,-----,-----,-----,
Pin Number,Signal Name,Pin Usage,Pin Name,Direction,IO Standard,IO Bank Number,Drive (mA),Slew Rate,Termination,IOB Delay,Voltage,Constraint,IO Register,Signal Integrity,
P1,,,TMS,,,,,,,,,,,,
P2,,,TDI,,,,,,,,,,,,
P3,num2<0>,IOB,IO_L02P_3,OUTPUT,LVCMOS25*,3,12,SLOW,NONE**,,,LOCATED,NO,NONE,
P4,num2<1>,IOB,IO_L01P_3,OUTPUT,LVCMOS25*,3,12,SLOW,NONE**,,,LOCATED,NO,NONE,
P5,num2<2>,IOB,IO_L02N_3,OUTPUT,LVCMOS25*,3,12,SLOW,NONE**,,,LOCATED,NO,NONE,
P6,num2<3>,IOB,IO_L01N_3,OUTPUT,LVCMOS25*,3,12,SLOW,NONE**,,,LOCATED,NO,NONE,
P7,num2<4>,IOB,IO_L03P_3,OUTPUT,LVCMOS25*,3,12,SLOW,NONE**,,,LOCATED,NO,NONE,
P8,num2<5>,IOB,IO_L03N_3,OUTPUT,LVCMOS25*,3,12,SLOW,NONE**,,,LOCATED,NO,NONE,
P9,,,GND,,,,,,,,,,,,
P10,num2<6>,IOB,IO_L04P_3,OUTPUT,LVCMOS25*,3,12,SLOW,NONE**,,,LOCATED,NO,NONE,
P11,num1<0>,IOB,IO_L04N_3/VREF_3,OUTPUT,LVCMOS25*,3,12,SLOW,NONE**,,,LOCATED,NO,NONE,
P12,num1<1>,IOB,IO_L05P_3/LHCLK0,OUTPUT,LVCMOS25*,3,12,SLOW,NONE**,,,LOCATED,NO,NONE,
P13,num1<2>,IOB,IO_L05N_3/LHCLK1,OUTPUT,LVCMOS25*,3,12,SLOW,NONE**,,,LOCATED,NO,NONE,
P14,,,VCCO_3,,,3,,,,,2.50,,,,
P15,num1<3>,IOB,IO_L06P_3/LHCLK2,OUTPUT,LVCMOS25*,3,12,SLOW,NONE**,,,LOCATED,NO,NONE,
P16,num1<4>,IOB,IO_L06N_3/IRDY2/LHCLK3,OUTPUT,LVCMOS25*,3,12,SLOW,NONE**,,,LOCATED,NO,NONE,
P17,,,GND,,,,,,,,,,,,
P18,num1<5>,IOB,IO_L07P_3/LHCLK4,OUTPUT,LVCMOS25*,3,12,SLOW,NONE**,,,LOCATED,NO,NONE,
P19,num1<6>,IOB,IO_L08P_3/TRDY2/LHCLK6,OUTPUT,LVCMOS25*,3,12,SLOW,NONE**,,,LOCATED,NO,NONE,
P20,,DIFFSLR,IO_L07N_3/LHCLK5,UNUSED,,3,,,,,,,,,
P21,,DIFFSLR,IO_L08N_3/LHCLK7,UNUSED,,3,,,,,,,,,
P22,,,VCCINT,,,,,,,,1.2,,,,
P23,,,VCCO_3,,,3,,,,,2.50,,,,
P24,,DIFFMLR,IO_L09P_3,UNUSED,,3,,,,,,,,,
P25,,DIFFSLR,IO_L09N_3,UNUSED,,3,,,,,,,,,
P26,,,GND,,,,,,,,,,,,
P27,,DIFFMLR,IO_L10P_3,UNUSED,,3,,,,,,,,,
P28,,DIFFMLR,IO_L11P_3,UNUSED,,3,,,,,,,,,
P29,,DIFFSLR,IO_L10N_3,UNUSED,,3,,,,,,,,,
P30,,DIFFSLR,IO_L11N_3,UNUSED,,3,,,,,,,,,
P31,,DIFFMLR,IO_L12P_3,UNUSED,,3,,,,,,,,,
P32,,DIFFSLR,IO_L12N_3,UNUSED,,3,,,,,,,,,
P33,,DIFFMI_NDT,IP_L13P_3,UNUSED,,3,,,,,,,,,
P34,,,GND,,,,,,,,,,,,
P35,,DIFFSI_NDT,IP_L13N_3/VREF_3,UNUSED,,3,,,,,,,,,
P36,,,VCCAUX,,,,,,,,3.3,,,,
P37,,DIFFMTB,IO_L01P_2/M1,UNUSED,,2,,,,,,,,,
P38,,DIFFSTB,IO_L01N_2/M0,UNUSED,,2,,,,,,,,,
P39,,DIFFMTB,IO_L02P_2/M2,UNUSED,,2,,,,,,,,,
P40,,,VCCO_2,,,2,,,,,2.50,,,,
P41,,DIFFSTB,IO_L02N_2/CSO_B,UNUSED,,2,,,,,,,,,
P42,,DIFFMTB,IO_L03P_2/RDWR_B,UNUSED,,2,,,,,,,,,
P43,,DIFFMTB,IO_L04P_2/VS2,UNUSED,,2,,,,,,,,,
P44,,DIFFSTB,IO_L03N_2/VS1,UNUSED,,2,,,,,,,,,
P45,,DIFFSTB,IO_L04N_2/VS0,UNUSED,,2,,,,,,,,,
P46,,DIFFMTB,IO_L05P_2,UNUSED,,2,,,,,,,,,
P47,clr,IBUF,IO_L06P_2,INPUT,LVCMOS25*,2,,,,IBUF,,LOCATED,NO,NONE,
P48,,DIFFSTB,IO_L05N_2/D7,UNUSED,,2,,,,,,,,,
P49,,DIFFSTB,IO_L06N_2/D6,UNUSED,,2,,,,,,,,,
P50,,DIFFMTB,IO_L07P_2/D5,UNUSED,,2,,,,,,,,,
P51,,DIFFSTB,IO_L07N_2/D4,UNUSED,,2,,,,,,,,,
P52,,,VCCINT,,,,,,,,1.2,,,,
P53,,IBUF,IP_2/VREF_2,UNUSED,,2,,,,,,,,,
P54,,DIFFMTB,IO_L08P_2/GCLK14,UNUSED,,2,,,,,,,,,
P55,,DIFFSTB,IO_L08N_2/GCLK15,UNUSED,,2,,,,,,,,,
P56,,,GND,,,,,,,,,,,,
P57,clk,IBUF,IO_L09P_2/GCLK0,INPUT,LVCMOS25*,2,,,,IBUF,,LOCATED,NO,NONE,
P58,,DIFFMTB,IO_L10P_2/GCLK2,UNUSED,,2,,,,,,,,,
P59,,DIFFSTB,IO_L09N_2/GCLK1,UNUSED,,2,,,,,,,,,
P60,,DIFFSTB,IO_L10N_2/GCLK3,UNUSED,,2,,,,,,,,,
P61,,,VCCO_2,,,2,,,,,2.50,,,,
P62,,DIFFMTB,IO_2/MOSI/CSI_B,UNUSED,,2,,,,,,,,,
P63,,DIFFMTB,IO_L11P_2/AWAKE,UNUSED,,2,,,,,,,,,
P64,,DIFFSTB,IO_L11N_2/DOUT,UNUSED,,2,,,,,,,,,
P65,,,GND,,,,,,,,,,,,
P66,,,VCCAUX,,,,,,,,3.3,,,,
P67,,DIFFMTB,IO_L12P_2/INIT_B,UNUSED,,2,,,,,,,,,
P68,,DIFFSTB,IO_L12N_2/D3,UNUSED,,2,,,,,,,,,
P69,,DIFFMTB,IO_L13P_2/D2,UNUSED,,2,,,,,,,,,
P70,,DIFFMTB,IO_L14P_2/D1,UNUSED,,2,,,,,,,,,
P71,,DIFFSTB,IO_L13N_2/D0/DIN/MISO,UNUSED,,2,,,,,,,,,
P72,,DIFFSTB,IO_L14N_2/CCLK,UNUSED,,2,,,,,,,,,
P73,,,DONE,,,,,,,,,,,,
P74,,,SUSPEND,,,,,,,,,,,,
P75,,DIFFMLR,IO_L02P_1/LDC1,UNUSED,,1,,,,,,,,,
P76,,DIFFMLR,IO_L01P_1/HDC,UNUSED,,1,,,,,,,,,
P77,,DIFFSLR,IO_L02N_1/LDC0,UNUSED,,1,,,,,,,,,
P78,,DIFFSLR,IO_L01N_1/LDC2,UNUSED,,1,,,,,,,,,
P79,,DIFFMLR,IO_1,UNUSED,,1,,,,,,,,,
P80,,DIFFSI_NDT,IP_1/VREF_1,UNUSED,,1,,,,,,,,,
P81,,,GND,,,,,,,,,,,,
P82,,DIFFMLR,IO_L03P_1,UNUSED,,1,,,,,,,,,
P83,,DIFFMLR,IO_L04P_1/RHCLK0,UNUSED,,1,,,,,,,,,
P84,,DIFFSLR,IO_L03N_1,UNUSED,,1,,,,,,,,,
P85,,DIFFSLR,IO_L04N_1/RHCLK1,UNUSED,,1,,,,,,,,,
P86,,,VCCO_1,,,1,,,,,2.50,,,,
P87,,DIFFMLR,IO_L05P_1/RHCLK2,UNUSED,,1,,,,,,,,,
P88,,DIFFSLR,IO_L05N_1/TRDY1/RHCLK3,UNUSED,,1,,,,,,,,,
P89,,,GND,,,,,,,,,,,,
P90,,DIFFMLR,IO_L06P_1/RHCLK4,UNUSED,,1,,,,,,,,,
P91,,DIFFMLR,IO_L07P_1/IRDY1/RHCLK6,UNUSED,,1,,,,,,,,,
P92,,DIFFSLR,IO_L06N_1/RHCLK5,UNUSED,,1,,,,,,,,,
P93,,DIFFSLR,IO_L07N_1/RHCLK7,UNUSED,,1,,,,,,,,,
P94,,,VCCINT,,,,,,,,1.2,,,,
P95,,,VCCO_1,,,1,,,,,2.50,,,,
P96,pc<0>,IOB,IO_L08P_1,OUTPUT,LVCMOS25*,1,12,SLOW,NONE**,,,LOCATED,NO,NONE,
P97,,DIFFMI_NDT,IP_1/VREF_1,UNUSED,,1,,,,,,,,,
P98,pc<1>,IOB,IO_L08N_1,OUTPUT,LVCMOS25*,1,12,SLOW,NONE**,,,LOCATED,NO,NONE,
P99,pc<2>,IOB,IO_L09P_1,OUTPUT,LVCMOS25*,1,12,SLOW,NONE**,,,LOCATED,NO,NONE,
P100,,,GND,,,,,,,,,,,,
P101,pc<3>,IOB,IO_L09N_1,OUTPUT,LVCMOS25*,1,12,SLOW,NONE**,,,LOCATED,NO,NONE,
P102,pc<4>,IOB,IO_L10P_1,OUTPUT,LVCMOS25*,1,12,SLOW,NONE**,,,LOCATED,NO,NONE,
P103,pc<5>,IOB,IO_L11P_1,OUTPUT,LVCMOS25*,1,12,SLOW,NONE**,,,LOCATED,NO,NONE,
P104,pc<6>,IOB,IO_L10N_1,OUTPUT,LVCMOS25*,1,12,SLOW,NONE**,,,LOCATED,NO,NONE,
P105,pc<7>,IOB,IO_L11N_1,OUTPUT,LVCMOS25*,1,12,SLOW,NONE**,,,LOCATED,NO,NONE,
P106,,,GND,,,,,,,,,,,,
P107,,,TDO,,,,,,,,,,,,
P108,,,VCCAUX,,,,,,,,3.3,,,,
P109,,,TCK,,,,,,,,,,,,
P110,,DIFFMTB,IO_L01P_0,UNUSED,,0,,,,,,,,,
P111,,DIFFSTB,IO_L01N_0,UNUSED,,0,,,,,,,,,
P112,,DIFFMTB,IO_L02P_0/VREF_0,UNUSED,,0,,,,,,,,,
P113,,DIFFSTB,IO_L02N_0,UNUSED,,0,,,,,,,,,
P114,,DIFFMTB,IO_L04P_0,UNUSED,,0,,,,,,,,,
P115,,DIFFMTB,IO_L03P_0,UNUSED,,0,,,,,,,,,
P116,,DIFFSTB,IO_L04N_0,UNUSED,,0,,,,,,,,,
P117,,DIFFSTB,IO_L03N_0,UNUSED,,0,,,,,,,,,
P118,,,GND,,,,,,,,,,,,
P119,,,VCCO_0,,,0,,,,,2.50,,,,
P120,inst<0>,IBUF,IO_L05P_0,INPUT,LVCMOS25*,0,,,,IBUF,,LOCATED,NO,NONE,
P121,inst<1>,IBUF,IO_L05N_0,INPUT,LVCMOS25*,0,,,,IBUF,,LOCATED,NO,NONE,
P122,,,VCCINT,,,,,,,,1.2,,,,
P123,,IBUF,IP_0/VREF_0,UNUSED,,0,,,,,,,,,
P124,inst<2>,IBUF,IO_L06P_0/GCLK4,INPUT,LVCMOS25*,0,,,,IBUF,,LOCATED,NO,NONE,
P125,inst<3>,IBUF,IO_L07P_0/GCLK6,INPUT,LVCMOS25*,0,,,,IBUF,,LOCATED,NO,NONE,
P126,inst<4>,IBUF,IO_L06N_0/GCLK5,INPUT,LVCMOS25*,0,,,,IBUF,,LOCATED,NO,NONE,
P127,inst<5>,IBUF,IO_L07N_0/GCLK7,INPUT,LVCMOS25*,0,,,,IBUF,,LOCATED,NO,NONE,
P128,,,GND,,,,,,,,,,,,
P129,inst<6>,IBUF,IO_L08P_0/GCLK8,INPUT,LVCMOS25*,0,,,,IBUF,,LOCATED,NO,NONE,
P130,inst<7>,IBUF,IO_L09P_0/GCLK10,INPUT,LVCMOS25*,0,,,,IBUF,,LOCATED,NO,NONE,
P131,,DIFFSTB,IO_L08N_0/GCLK9,UNUSED,,0,,,,,,,,,
P132,,DIFFSTB,IO_L09N_0/GCLK11,UNUSED,,0,,,,,,,,,
P133,,,VCCAUX,,,,,,,,3.3,,,,
P134,,DIFFMTB,IO_L10P_0,UNUSED,,0,,,,,,,,,
P135,,DIFFSTB,IO_L10N_0,UNUSED,,0,,,,,,,,,
P136,,,VCCO_0,,,0,,,,,2.50,,,,
P137,,,GND,,,,,,,,,,,,
P138,,DIFFMTB,IO_L11P_0,UNUSED,,0,,,,,,,,,
P139,,DIFFSTB,IO_L11N_0,UNUSED,,0,,,,,,,,,
P140,,IBUF,IP_0,UNUSED,,0,,,,,,,,,
P141,,DIFFMTB,IO_L12P_0/VREF_0,UNUSED,,0,,,,,,,,,
P142,,DIFFSTB,IO_0,UNUSED,,0,,,,,,,,,
P143,,DIFFSTB,IO_L12N_0/PUDC_B,UNUSED,,0,,,,,,,,,
P144,,,PROG_B,,,,,,,,,,,,

# -----,-----,-----,-----,-----,-----,-----,-----,-----,-----,-----,-----,-----,-----,-----,
# 
#* Default value.
#** This default Pullup/Pulldown value can be overridden in Bitgen. 
#****** Special VCCO requirements may apply. Please consult the device 
#       family datasheet for specific guideline on VCCO requirements. 
#
#
#