<?xml version="1.0" encoding="UTF-8"?>
<!-- IMPORTANT: This is an internal file that has been generated
     by the Xilinx ISE software.  Any direct editing or
     changes made to this file may result in unpredictable
     behavior or data corruption.  It is strongly advised that
     users do not edit the contents of this file. -->
<DeviceUsageSummary rev="12">
<DesignStatistics TimeStamp="Sun Jun 12 00:34:26 2022"><group name="NetStatistics">
<item name="NumNets_Active" rev="12">
<attrib name="value" value="649"/></item>
<item name="NumNets_Gnd" rev="12">
<attrib name="value" value="1"/></item>
<item name="NumNets_Vcc" rev="12">
<attrib name="value" value="1"/></item>
<item name="NumNodesOfType_Active_CLKPIN" rev="12">
<attrib name="value" value="173"/></item>
<item name="NumNodesOfType_Active_CNTRLPIN" rev="12">
<attrib name="value" value="326"/></item>
<item name="NumNodesOfType_Active_DOUBLE" rev="12">
<attrib name="value" value="1180"/></item>
<item name="NumNodesOfType_Active_DUMMY" rev="12">
<attrib name="value" value="925"/></item>
<item name="NumNodesOfType_Active_DUMMYESC" rev="12">
<attrib name="value" value="10"/></item>
<item name="NumNodesOfType_Active_GLOBAL" rev="12">
<attrib name="value" value="24"/></item>
<item name="NumNodesOfType_Active_HFULLHEX" rev="12">
<attrib name="value" value="13"/></item>
<item name="NumNodesOfType_Active_HLONG" rev="12">
<attrib name="value" value="3"/></item>
<item name="NumNodesOfType_Active_HUNIHEX" rev="12">
<attrib name="value" value="72"/></item>
<item name="NumNodesOfType_Active_INPUT" rev="12">
<attrib name="value" value="1492"/></item>
<item name="NumNodesOfType_Active_IOBOUTPUT" rev="12">
<attrib name="value" value="10"/></item>
<item name="NumNodesOfType_Active_OMUX" rev="12">
<attrib name="value" value="528"/></item>
<item name="NumNodesOfType_Active_OUTPUT" rev="12">
<attrib name="value" value="608"/></item>
<item name="NumNodesOfType_Active_PREBXBY" rev="12">
<attrib name="value" value="543"/></item>
<item name="NumNodesOfType_Active_VFULLHEX" rev="12">
<attrib name="value" value="74"/></item>
<item name="NumNodesOfType_Active_VLONG" rev="12">
<attrib name="value" value="20"/></item>
<item name="NumNodesOfType_Active_VUNIHEX" rev="12">
<attrib name="value" value="42"/></item>
<item name="NumNodesOfType_Vcc_CNTRLPIN" rev="12">
<attrib name="value" value="2"/></item>
<item name="NumNodesOfType_Vcc_INPUT" rev="12">
<attrib name="value" value="1"/></item>
<item name="NumNodesOfType_Vcc_PREBXBY" rev="12">
<attrib name="value" value="1"/></item>
<item name="NumNodesOfType_Vcc_VCCOUT" rev="12">
<attrib name="value" value="3"/></item>
</group>
<group name="SiteStatistics">
<item name="IBUF-DIFFMTB" rev="12">
<attrib name="value" value="7"/></item>
<item name="IBUF-DIFFSTB" rev="12">
<attrib name="value" value="3"/></item>
<item name="IOB-DIFFMLR" rev="12">
<attrib name="value" value="12"/></item>
<item name="IOB-DIFFSLR" rev="12">
<attrib name="value" value="10"/></item>
<item name="SLICEL-SLICEM" rev="12">
<attrib name="value" value="114"/></item>
</group>
<group name="MiscellaneousStatistics">
<item name="AGG_BONDED_IO" rev="11">
<attrib name="value" value="32"/></item>
<item name="AGG_IO" rev="11">
<attrib name="value" value="32"/></item>
<item name="AGG_SLICE" rev="11">
<attrib name="value" value="300"/></item>
<item name="NUM_4_INPUT_LUT" rev="11">
<attrib name="value" value="323"/></item>
<item name="NUM_BONDED_IBUF" rev="11">
<attrib name="value" value="10"/></item>
<item name="NUM_BONDED_IOB" rev="11">
<attrib name="value" value="22"/></item>
<item name="NUM_BUFGMUX" rev="11">
<attrib name="value" value="2"/></item>
<item name="NUM_CYMUX" rev="11">
<attrib name="value" value="53"/></item>
<item name="NUM_LUT_RT" rev="11">
<attrib name="value" value="31"/></item>
<item name="NUM_SLICEL" rev="11">
<attrib name="value" value="268"/></item>
<item name="NUM_SLICEM" rev="11">
<attrib name="value" value="32"/></item>
<item name="NUM_SLICE_FF" rev="11">
<attrib name="value" value="329"/></item>
<item name="NUM_XOR" rev="11">
<attrib name="value" value="48"/></item>
</group>
</DesignStatistics>
<DeviceUsage TimeStamp="Sun Jun 12 00:34:26 2022"><group name="SiteSummary">
<item name="BUFGMUX" rev="12">
<attrib name="total" value="1000000"/><attrib name="used" value="2"/></item>
<item name="BUFGMUX_GCLKMUX" rev="12">
<attrib name="total" value="1000000"/><attrib name="used" value="2"/></item>
<item name="BUFGMUX_GCLK_BUFFER" rev="12">
<attrib name="total" value="1000000"/><attrib name="used" value="2"/></item>
<item name="IBUF" rev="12">
<attrib name="total" value="1000000"/><attrib name="used" value="10"/></item>
<item name="IBUF_DELAY_ADJ_BBOX" rev="12">
<attrib name="total" value="1000000"/><attrib name="used" value="10"/></item>
<item name="IBUF_INBUF" rev="12">
<attrib name="total" value="1000000"/><attrib name="used" value="10"/></item>
<item name="IBUF_PAD" rev="12">
<attrib name="total" value="1000000"/><attrib name="used" value="10"/></item>
<item name="IOB" rev="12">
<attrib name="total" value="1000000"/><attrib name="used" value="22"/></item>
<item name="IOB_OUTBUF" rev="12">
<attrib name="total" value="1000000"/><attrib name="used" value="22"/></item>
<item name="IOB_PAD" rev="12">
<attrib name="total" value="1000000"/><attrib name="used" value="22"/></item>
<item name="SLICEL" rev="12">
<attrib name="total" value="1000000"/><attrib name="used" value="268"/></item>
<item name="SLICEL_C1VDD" rev="12">
<attrib name="total" value="1000000"/><attrib name="used" value="1"/></item>
<item name="SLICEL_CYMUXF" rev="12">
<attrib name="total" value="1000000"/><attrib name="used" value="28"/></item>
<item name="SLICEL_CYMUXG" rev="12">
<attrib name="total" value="1000000"/><attrib name="used" value="25"/></item>
<item name="SLICEL_F" rev="12">
<attrib name="total" value="1000000"/><attrib name="used" value="129"/></item>
<item name="SLICEL_F5MUX" rev="12">
<attrib name="total" value="1000000"/><attrib name="used" value="48"/></item>
<item name="SLICEL_F6MUX" rev="12">
<attrib name="total" value="1000000"/><attrib name="used" value="24"/></item>
<item name="SLICEL_FFX" rev="12">
<attrib name="total" value="1000000"/><attrib name="used" value="164"/></item>
<item name="SLICEL_FFY" rev="12">
<attrib name="total" value="1000000"/><attrib name="used" value="165"/></item>
<item name="SLICEL_G" rev="12">
<attrib name="total" value="1000000"/><attrib name="used" value="130"/></item>
<item name="SLICEL_GNDF" rev="12">
<attrib name="total" value="1000000"/><attrib name="used" value="19"/></item>
<item name="SLICEL_GNDG" rev="12">
<attrib name="total" value="1000000"/><attrib name="used" value="19"/></item>
<item name="SLICEL_XORF" rev="12">
<attrib name="total" value="1000000"/><attrib name="used" value="24"/></item>
<item name="SLICEL_XORG" rev="12">
<attrib name="total" value="1000000"/><attrib name="used" value="24"/></item>
<item name="SLICEM" rev="12">
<attrib name="total" value="1000000"/><attrib name="used" value="32"/></item>
<item name="SLICEM_F" rev="12">
<attrib name="total" value="1000000"/><attrib name="used" value="32"/></item>
<item name="SLICEM_F5MUX" rev="12">
<attrib name="total" value="1000000"/><attrib name="used" value="32"/></item>
<item name="SLICEM_F6MUX" rev="12">
<attrib name="total" value="1000000"/><attrib name="used" value="32"/></item>
<item name="SLICEM_G" rev="12">
<attrib name="total" value="1000000"/><attrib name="used" value="32"/></item>
</group>
</DeviceUsage>
<ReportConfigData TimeStamp="Sun Jun 12 00:34:26 2022"><group name="SLICEL_CYMUXF">
<item name="0" rev="12">
<attrib name="0" value="28"/><attrib name="0_INV" value="0"/></item>
<item name="1" rev="12">
<attrib name="1_INV" value="0"/><attrib name="1" value="28"/></item>
</group>
<group name="SLICEL_CYMUXG">
<item name="0" rev="12">
<attrib name="0" value="25"/><attrib name="0_INV" value="0"/></item>
</group>
<group name="IBUF_PAD">
<item name="IOATTRBOX" rev="12">
<attrib name="LVCMOS25" value="10"/></item>
</group>
<group name="SLICEM_F">
<item name="LUT_OR_MEM" rev="12">
<attrib name="LUT" value="32"/></item>
</group>
<group name="SLICEM_G">
<item name="LUT_OR_MEM" rev="12">
<attrib name="LUT" value="32"/></item>
</group>
<group name="SLICEM_F6MUX">
<item name="S0" rev="12">
<attrib name="S0" value="32"/><attrib name="S0_INV" value="0"/></item>
</group>
<group name="SLICEL">
<item name="BX" rev="12">
<attrib name="BX_INV" value="0"/><attrib name="BX" value="188"/></item>
<item name="BY" rev="12">
<attrib name="BY" value="160"/><attrib name="BY_INV" value="1"/></item>
<item name="CE" rev="12">
<attrib name="CE" value="153"/><attrib name="CE_INV" value="0"/></item>
<item name="CIN" rev="12">
<attrib name="CIN_INV" value="0"/><attrib name="CIN" value="24"/></item>
<item name="CLK" rev="12">
<attrib name="CLK" value="173"/><attrib name="CLK_INV" value="0"/></item>
<item name="SR" rev="12">
<attrib name="SR" value="173"/><attrib name="SR_INV" value="0"/></item>
</group>
<group name="SLICEM">
<item name="BX" rev="12">
<attrib name="BX_INV" value="0"/><attrib name="BX" value="32"/></item>
<item name="BY" rev="12">
<attrib name="BY" value="32"/><attrib name="BY_INV" value="0"/></item>
</group>
<group name="SLICEL_F6MUX">
<item name="S0" rev="12">
<attrib name="S0" value="24"/><attrib name="S0_INV" value="0"/></item>
</group>
<group name="IOB_OUTBUF">
<item name="IN" rev="12">
<attrib name="IN_INV" value="0"/><attrib name="IN" value="22"/></item>
<item name="SUSPEND" rev="12">
<attrib name="3STATE" value="22"/></item>
</group>
<group name="SLICEM_F5MUX">
<item name="S0" rev="12">
<attrib name="S0" value="32"/><attrib name="S0_INV" value="0"/></item>
</group>
<group name="SLICEL_FFX">
<item name="CE" rev="12">
<attrib name="CE" value="144"/><attrib name="CE_INV" value="0"/></item>
<item name="CK" rev="12">
<attrib name="CK" value="164"/><attrib name="CK_INV" value="0"/></item>
<item name="D" rev="12">
<attrib name="D" value="164"/><attrib name="D_INV" value="0"/></item>
<item name="FFX_INIT_ATTR" rev="12">
<attrib name="INIT0" value="102"/><attrib name="INIT1" value="62"/></item>
<item name="FFX_SR_ATTR" rev="12">
<attrib name="SRLOW" value="102"/><attrib name="SRHIGH" value="62"/></item>
<item name="LATCH_OR_FF" rev="12">
<attrib name="FF" value="164"/></item>
<item name="SR" rev="12">
<attrib name="SR" value="164"/><attrib name="SR_INV" value="0"/></item>
<item name="SYNC_ATTR" rev="12">
<attrib name="ASYNC" value="164"/></item>
</group>
<group name="SLICEL_XORF">
<item name="1" rev="12">
<attrib name="1_INV" value="0"/><attrib name="1" value="24"/></item>
</group>
<group name="SLICEL_FFY">
<item name="CE" rev="12">
<attrib name="CE" value="145"/><attrib name="CE_INV" value="0"/></item>
<item name="CK" rev="12">
<attrib name="CK" value="165"/><attrib name="CK_INV" value="0"/></item>
<item name="D" rev="12">
<attrib name="D" value="164"/><attrib name="D_INV" value="1"/></item>
<item name="FFY_INIT_ATTR" rev="12">
<attrib name="INIT0" value="103"/><attrib name="INIT1" value="62"/></item>
<item name="FFY_SR_ATTR" rev="12">
<attrib name="SRLOW" value="103"/><attrib name="SRHIGH" value="62"/></item>
<item name="LATCH_OR_FF" rev="12">
<attrib name="FF" value="165"/></item>
<item name="SR" rev="12">
<attrib name="SR" value="165"/><attrib name="SR_INV" value="0"/></item>
<item name="SYNC_ATTR" rev="12">
<attrib name="ASYNC" value="165"/></item>
</group>
<group name="BUFGMUX_GCLKMUX">
<item name="DISABLE_ATTR" rev="12">
<attrib name="LOW" value="2"/></item>
<item name="S" rev="12">
<attrib name="S_INV" value="2"/><attrib name="S" value="0"/></item>
</group>
<group name="SLICEL_F5MUX">
<item name="S0" rev="12">
<attrib name="S0" value="48"/><attrib name="S0_INV" value="0"/></item>
</group>
<group name="IBUF_DELAY_ADJ_BBOX">
<item name="DELAY_ADJ_ATTRBOX" rev="12">
<attrib name="FIXED" value="10"/></item>
<item name="IBUF_DELAY_VALUE" rev="12">
<attrib name="DLY0" value="10"/></item>
<item name="IFD_DELAY_VALUE" rev="12">
<attrib name="DLY0" value="10"/></item>
<item name="SEL_IN" rev="12">
<attrib name="SEL_IN" value="10"/><attrib name="SEL_IN_INV" value="0"/></item>
</group>
<group name="IOB_PAD">
<item name="DRIVEATTRBOX" rev="12">
<attrib name="12" value="22"/></item>
<item name="IOATTRBOX" rev="12">
<attrib name="LVCMOS25" value="22"/></item>
<item name="SLEW" rev="12">
<attrib name="SLOW" value="22"/></item>
</group>
<group name="IOB">
<item name="O1" rev="12">
<attrib name="O1_INV" value="0"/><attrib name="O1" value="22"/></item>
</group>
<group name="BUFGMUX">
<item name="S" rev="12">
<attrib name="S_INV" value="2"/><attrib name="S" value="0"/></item>
</group>
</ReportConfigData>
<ReportPinData TimeStamp="Sun Jun 12 00:34:26 2022"><group name="SLICEL_CYMUXF">
<item name="0" rev="12">
<attrib name="value" value="28"/></item>
<item name="1" rev="12">
<attrib name="value" value="28"/></item>
<item name="OUT" rev="12">
<attrib name="value" value="28"/></item>
<item name="S0" rev="12">
<attrib name="value" value="28"/></item>
</group>
<group name="SLICEL_CYMUXG">
<item name="0" rev="12">
<attrib name="value" value="25"/></item>
<item name="1" rev="12">
<attrib name="value" value="25"/></item>
<item name="OUT" rev="12">
<attrib name="value" value="25"/></item>
<item name="S0" rev="12">
<attrib name="value" value="25"/></item>
</group>
<group name="IBUF_PAD">
<item name="PAD" rev="12">
<attrib name="value" value="10"/></item>
</group>
<group name="IBUF_INBUF">
<item name="IN" rev="12">
<attrib name="value" value="10"/></item>
<item name="OUT" rev="12">
<attrib name="value" value="10"/></item>
</group>
<group name="SLICEM_F">
<item name="A1" rev="12">
<attrib name="value" value="32"/></item>
<item name="A2" rev="12">
<attrib name="value" value="32"/></item>
<item name="A3" rev="12">
<attrib name="value" value="32"/></item>
<item name="D" rev="12">
<attrib name="value" value="32"/></item>
</group>
<group name="SLICEM_G">
<item name="A1" rev="12">
<attrib name="value" value="32"/></item>
<item name="A2" rev="12">
<attrib name="value" value="32"/></item>
<item name="A3" rev="12">
<attrib name="value" value="32"/></item>
<item name="D" rev="12">
<attrib name="value" value="32"/></item>
</group>
<group name="BUFGMUX_GCLK_BUFFER">
<item name="IN" rev="12">
<attrib name="value" value="2"/></item>
<item name="OUT" rev="12">
<attrib name="value" value="2"/></item>
</group>
<group name="SLICEM_F6MUX">
<item name="0" rev="12">
<attrib name="value" value="32"/></item>
<item name="1" rev="12">
<attrib name="value" value="32"/></item>
<item name="OUT" rev="12">
<attrib name="value" value="32"/></item>
<item name="S0" rev="12">
<attrib name="value" value="32"/></item>
</group>
<group name="SLICEL">
<item name="BX" rev="12">
<attrib name="value" value="188"/></item>
<item name="BY" rev="12">
<attrib name="value" value="161"/></item>
<item name="CE" rev="12">
<attrib name="value" value="153"/></item>
<item name="CIN" rev="12">
<attrib name="value" value="24"/></item>
<item name="CLK" rev="12">
<attrib name="value" value="173"/></item>
<item name="COUT" rev="12">
<attrib name="value" value="25"/></item>
<item name="F1" rev="12">
<attrib name="value" value="129"/></item>
<item name="F2" rev="12">
<attrib name="value" value="113"/></item>
<item name="F3" rev="12">
<attrib name="value" value="94"/></item>
<item name="F4" rev="12">
<attrib name="value" value="23"/></item>
<item name="F5" rev="12">
<attrib name="value" value="32"/></item>
<item name="FX" rev="12">
<attrib name="value" value="16"/></item>
<item name="FXINA" rev="12">
<attrib name="value" value="24"/></item>
<item name="FXINB" rev="12">
<attrib name="value" value="24"/></item>
<item name="G1" rev="12">
<attrib name="value" value="130"/></item>
<item name="G2" rev="12">
<attrib name="value" value="114"/></item>
<item name="G3" rev="12">
<attrib name="value" value="94"/></item>
<item name="G4" rev="12">
<attrib name="value" value="33"/></item>
<item name="SR" rev="12">
<attrib name="value" value="173"/></item>
<item name="X" rev="12">
<attrib name="value" value="73"/></item>
<item name="XQ" rev="12">
<attrib name="value" value="164"/></item>
<item name="Y" rev="12">
<attrib name="value" value="66"/></item>
<item name="YQ" rev="12">
<attrib name="value" value="165"/></item>
</group>
<group name="SLICEM">
<item name="BX" rev="12">
<attrib name="value" value="32"/></item>
<item name="BY" rev="12">
<attrib name="value" value="32"/></item>
<item name="F1" rev="12">
<attrib name="value" value="32"/></item>
<item name="F2" rev="12">
<attrib name="value" value="32"/></item>
<item name="F3" rev="12">
<attrib name="value" value="32"/></item>
<item name="F5" rev="12">
<attrib name="value" value="32"/></item>
<item name="FX" rev="12">
<attrib name="value" value="32"/></item>
<item name="FXINA" rev="12">
<attrib name="value" value="32"/></item>
<item name="FXINB" rev="12">
<attrib name="value" value="32"/></item>
<item name="G1" rev="12">
<attrib name="value" value="32"/></item>
<item name="G2" rev="12">
<attrib name="value" value="32"/></item>
<item name="G3" rev="12">
<attrib name="value" value="32"/></item>
</group>
<group name="SLICEL_F6MUX">
<item name="0" rev="12">
<attrib name="value" value="24"/></item>
<item name="1" rev="12">
<attrib name="value" value="24"/></item>
<item name="OUT" rev="12">
<attrib name="value" value="24"/></item>
<item name="S0" rev="12">
<attrib name="value" value="24"/></item>
</group>
<group name="IOB_OUTBUF">
<item name="IN" rev="12">
<attrib name="value" value="22"/></item>
<item name="OUT" rev="12">
<attrib name="value" value="22"/></item>
</group>
<group name="IBUF">
<item name="I" rev="12">
<attrib name="value" value="10"/></item>
<item name="PAD" rev="12">
<attrib name="value" value="10"/></item>
</group>
<group name="SLICEM_F5MUX">
<item name="F" rev="12">
<attrib name="value" value="32"/></item>
<item name="G" rev="12">
<attrib name="value" value="32"/></item>
<item name="OUT" rev="12">
<attrib name="value" value="32"/></item>
<item name="S0" rev="12">
<attrib name="value" value="32"/></item>
</group>
<group name="SLICEL_FFX">
<item name="CE" rev="12">
<attrib name="value" value="144"/></item>
<item name="CK" rev="12">
<attrib name="value" value="164"/></item>
<item name="D" rev="12">
<attrib name="value" value="164"/></item>
<item name="Q" rev="12">
<attrib name="value" value="164"/></item>
<item name="SR" rev="12">
<attrib name="value" value="164"/></item>
</group>
<group name="SLICEL_XORF">
<item name="0" rev="12">
<attrib name="value" value="24"/></item>
<item name="1" rev="12">
<attrib name="value" value="24"/></item>
<item name="O" rev="12">
<attrib name="value" value="24"/></item>
</group>
<group name="SLICEL_FFY">
<item name="CE" rev="12">
<attrib name="value" value="145"/></item>
<item name="CK" rev="12">
<attrib name="value" value="165"/></item>
<item name="D" rev="12">
<attrib name="value" value="165"/></item>
<item name="Q" rev="12">
<attrib name="value" value="165"/></item>
<item name="SR" rev="12">
<attrib name="value" value="165"/></item>
</group>
<group name="SLICEL_XORG">
<item name="0" rev="12">
<attrib name="value" value="24"/></item>
<item name="1" rev="12">
<attrib name="value" value="24"/></item>
<item name="O" rev="12">
<attrib name="value" value="24"/></item>
</group>
<group name="BUFGMUX_GCLKMUX">
<item name="I0" rev="12">
<attrib name="value" value="2"/></item>
<item name="OUT" rev="12">
<attrib name="value" value="2"/></item>
<item name="S" rev="12">
<attrib name="value" value="2"/></item>
</group>
<group name="SLICEL_F5MUX">
<item name="F" rev="12">
<attrib name="value" value="48"/></item>
<item name="G" rev="12">
<attrib name="value" value="48"/></item>
<item name="OUT" rev="12">
<attrib name="value" value="48"/></item>
<item name="S0" rev="12">
<attrib name="value" value="48"/></item>
</group>
<group name="IBUF_DELAY_ADJ_BBOX">
<item name="IBUF_OUT" rev="12">
<attrib name="value" value="10"/></item>
<item name="SEL_IN" rev="12">
<attrib name="value" value="10"/></item>
</group>
<group name="IOB_PAD">
<item name="PAD" rev="12">
<attrib name="value" value="22"/></item>
</group>
<group name="IOB">
<item name="O1" rev="12">
<attrib name="value" value="22"/></item>
<item name="PAD" rev="12">
<attrib name="value" value="22"/></item>
</group>
<group name="SLICEL_C1VDD">
<item name="1" rev="12">
<attrib name="value" value="1"/></item>
</group>
<group name="BUFGMUX">
<item name="I0" rev="12">
<attrib name="value" value="2"/></item>
<item name="O" rev="12">
<attrib name="value" value="2"/></item>
<item name="S" rev="12">
<attrib name="value" value="2"/></item>
</group>
<group name="SLICEL_F">
<item name="A1" rev="12">
<attrib name="value" value="129"/></item>
<item name="A2" rev="12">
<attrib name="value" value="113"/></item>
<item name="A3" rev="12">
<attrib name="value" value="94"/></item>
<item name="A4" rev="12">
<attrib name="value" value="23"/></item>
<item name="D" rev="12">
<attrib name="value" value="129"/></item>
</group>
<group name="SLICEL_G">
<item name="A1" rev="12">
<attrib name="value" value="130"/></item>
<item name="A2" rev="12">
<attrib name="value" value="114"/></item>
<item name="A3" rev="12">
<attrib name="value" value="94"/></item>
<item name="A4" rev="12">
<attrib name="value" value="33"/></item>
<item name="D" rev="12">
<attrib name="value" value="130"/></item>
</group>
<group name="SLICEL_GNDF">
<item name="0" rev="12">
<attrib name="value" value="19"/></item>
</group>
<group name="SLICEL_GNDG">
<item name="0" rev="12">
<attrib name="value" value="19"/></item>
</group>
</ReportPinData>
<CmdHistory>
</CmdHistory>
</DeviceUsageSummary>
